<?xml version="1.0" encoding="utf-8"?><!--data formatted--><table><row id=""><route_id>R1</route_id><route_long_name>Bergamo-Brescia</route_long_name><route_text_color>FFFFFF</route_text_color><route_desc> </route_desc><route_type>2</route_type><agency_id>Trenord</agency_id><route_short_name>R1</route_short_name><route_url> </route_url><route_color>94C120</route_color></row><row id=""><route_id>R11</route_id><route_long_name>Colico-Chiavenna</route_long_name><route_text_color>FFFFFF</route_text_color><route_desc> </route_desc><route_type>2</route_type><agency_id>Trenord</agency_id><route_short_name>R11</route_short_name><route_url> </route_url><route_color>94C120</route_color></row><row id=""><route_id>R12</route_id><route_long_name>Sondrio-Tirano</route_long_name><route_text_color>FFFFFF</route_text_color><route_desc> </route_desc><route_type>2</route_type><agency_id>Trenord</agency_id><route_short_name>R12</route_short_name><route_url> </route_url><route_color>94C120</route_color></row><row id=""><route_id>R13</route_id><route_long_name>Lecco-Colico-Sondrio</route_long_name><route_text_color>FFFFFF</route_text_color><route_desc> </route_desc><route_type>2</route_type><agency_id>Trenord</agency_id><route_short_name>R13</route_short_name><route_url> </route_url><route_color>94C120</route_color></row><row id=""><route_id>R14</route_id><route_long_name>Bergamo-Carnate-Milano</route_long_name><route_text_color>FFFFFF</route_text_color><route_desc> </route_desc><route_type>2</route_type><agency_id>Trenord</agency_id><route_short_name>R14</route_short_name><route_url> </route_url><route_color>94C120</route_color></row><row id=""><route_id>R15</route_id><route_long_name>Seregno-Carnate</route_long_name><route_text_color>FFFFFF</route_text_color><route_desc> </route_desc><route_type>2</route_type><agency_id>Trenord</agency_id><route_short_name>R15</route_short_name><route_url> </route_url><route_color>94C120</route_color></row><row id=""><route_id>R16</route_id><route_long_name>Asso-Milano</route_long_name><route_text_color>FFFFFF</route_text_color><route_desc> </route_desc><route_type>2</route_type><agency_id>Trenord</agency_id><route_short_name>R16</route_short_name><route_url> </route_url><route_color>94C120</route_color></row><row id=""><route_id>R17</route_id><route_long_name>Como-Saronno-Milano</route_long_name><route_text_color>FFFFFF</route_text_color><route_desc> </route_desc><route_type>2</route_type><agency_id>Trenord</agency_id><route_short_name>R17</route_short_name><route_url> </route_url><route_color>94C120</route_color></row><row id=""><route_id>R18</route_id><route_long_name>Como-Molteno-Lecco</route_long_name><route_text_color>FFFFFF</route_text_color><route_desc> </route_desc><route_type>2</route_type><agency_id>Trenord</agency_id><route_short_name>R18</route_short_name><route_url> </route_url><route_color>94C120</route_color></row><row id=""><route_id>R2</route_id><route_long_name>Bergamo-Treviglio</route_long_name><route_text_color>FFFFFF</route_text_color><route_desc> </route_desc><route_type>2</route_type><agency_id>Trenord</agency_id><route_short_name>R2</route_short_name><route_url> </route_url><route_color>94C120</route_color></row><row id=""><route_id>R21</route_id><route_long_name>Luino-Gallarate-Malpensa</route_long_name><route_text_color>FFFFFF</route_text_color><route_desc> </route_desc><route_type>2</route_type><agency_id>Trenord</agency_id><route_short_name>R21</route_short_name><route_url> </route_url><route_color>94C120</route_color></row><row id=""><route_id>R22</route_id><route_long_name>Varese-Saronno-Milano</route_long_name><route_text_color>FFFFFF</route_text_color><route_desc> </route_desc><route_type>2</route_type><agency_id>Trenord</agency_id><route_short_name>R22</route_short_name><route_url> </route_url><route_color>94C120</route_color></row><row id=""><route_id>R23</route_id><route_long_name>Domodossola-Gallarate-Milano</route_long_name><route_text_color>FFFFFF</route_text_color><route_desc> </route_desc><route_type>2</route_type><agency_id>Trenord</agency_id><route_short_name>R23</route_short_name><route_url> </route_url><route_color>94C120</route_color></row><row id=""><route_id>R25</route_id><route_long_name>Mortara-Novara</route_long_name><route_text_color>FFFFFF</route_text_color><route_desc> </route_desc><route_type>2</route_type><agency_id>Trenord</agency_id><route_short_name>R25</route_short_name><route_url> </route_url><route_color>94C120</route_color></row><row id=""><route_id>R27</route_id><route_long_name>Novara-Saronno-Milano</route_long_name><route_text_color>FFFFFF</route_text_color><route_desc> </route_desc><route_type>2</route_type><agency_id>Trenord</agency_id><route_short_name>R27</route_short_name><route_url> </route_url><route_color>94C120</route_color></row><row id=""><route_id>R28</route_id><route_long_name>Malpensa-Saronno-Milano Cerale</route_long_name><route_text_color>FFFFFF</route_text_color><route_desc> </route_desc><route_type>2</route_type><agency_id>Trenord</agency_id><route_short_name>R28</route_short_name><route_url> </route_url><route_color>94C120</route_color></row><row id=""><route_id>R3</route_id><route_long_name>Brescia-Iseo-Breno</route_long_name><route_text_color>FFFFFF</route_text_color><route_desc> </route_desc><route_type>2</route_type><agency_id>Trenord</agency_id><route_short_name>R3</route_short_name><route_url> </route_url><route_color>94C120</route_color></row><row id=""><route_id>R31</route_id><route_long_name>Mortara-Milano</route_long_name><route_text_color>FFFFFF</route_text_color><route_desc> </route_desc><route_type>2</route_type><agency_id>Trenord</agency_id><route_short_name>R31</route_short_name><route_url> </route_url><route_color>94C120</route_color></row><row id=""><route_id>R32</route_id><route_long_name>Mortara-Alessandria</route_long_name><route_text_color>FFFFFF</route_text_color><route_desc> </route_desc><route_type>2</route_type><agency_id>Trenord</agency_id><route_short_name>R32</route_short_name><route_url> </route_url><route_color>94C120</route_color></row><row id=""><route_id>R33</route_id><route_long_name>Pavia-Voghera</route_long_name><route_text_color>FFFFFF</route_text_color><route_desc> </route_desc><route_type>2</route_type><agency_id>Trenord</agency_id><route_short_name>R33</route_short_name><route_url> </route_url><route_color>94C120</route_color></row><row id=""><route_id>R34</route_id><route_long_name>Stradella-Pavia-Milano</route_long_name><route_text_color>FFFFFF</route_text_color><route_desc> </route_desc><route_type>2</route_type><agency_id>Trenord</agency_id><route_short_name>R34</route_short_name><route_url> </route_url><route_color>94C120</route_color></row><row id=""><route_id>R35</route_id><route_long_name>Pavia-Torreberetti-Alessandria</route_long_name><route_text_color>FFFFFF</route_text_color><route_desc> </route_desc><route_type>2</route_type><agency_id>Trenord</agency_id><route_short_name>R35</route_short_name><route_url> </route_url><route_color>94C120</route_color></row><row id=""><route_id>R36</route_id><route_long_name>Pavia-Mortara-Vercelli</route_long_name><route_text_color>FFFFFF</route_text_color><route_desc> </route_desc><route_type>2</route_type><agency_id>Trenord</agency_id><route_short_name>R36</route_short_name><route_url> </route_url><route_color>94C120</route_color></row><row id=""><route_id>R37</route_id><route_long_name>Pavia-Codogno</route_long_name><route_text_color>FFFFFF</route_text_color><route_desc> </route_desc><route_type>2</route_type><agency_id>Trenord</agency_id><route_short_name>R37</route_short_name><route_url> </route_url><route_color>94C120</route_color></row><row id=""><route_id>R38</route_id><route_long_name>Piacenza-Lodi-Milano</route_long_name><route_text_color>FFFFFF</route_text_color><route_desc> </route_desc><route_type>2</route_type><agency_id>Trenord</agency_id><route_short_name>R38</route_short_name><route_url> </route_url><route_color>94C120</route_color></row><row id=""><route_id>R39</route_id><route_long_name>Codogno-Cremona</route_long_name><route_text_color>FFFFFF</route_text_color><route_desc> </route_desc><route_type>2</route_type><agency_id>Trenord</agency_id><route_short_name>R39</route_short_name><route_url> </route_url><route_color>94C120</route_color></row><row id=""><route_id>R4</route_id><route_long_name>Brescia-Treviglio-Milano</route_long_name><route_text_color>FFFFFF</route_text_color><route_desc> </route_desc><route_type>2</route_type><agency_id>Trenord</agency_id><route_short_name>R4</route_short_name><route_url> </route_url><route_color>94C120</route_color></row><row id=""><route_id>R40</route_id><route_long_name>Cremona-Maova</route_long_name><route_text_color>FFFFFF</route_text_color><route_desc> </route_desc><route_type>2</route_type><agency_id>Trenord</agency_id><route_short_name>R40</route_short_name><route_url> </route_url><route_color>94C120</route_color></row><row id=""><route_id>R41</route_id><route_long_name>Voghera-Piacenza</route_long_name><route_text_color>FFFFFF</route_text_color><route_desc> </route_desc><route_type>2</route_type><agency_id>Trenord</agency_id><route_short_name>R41</route_short_name><route_url> </route_url><route_color>94C120</route_color></row><row id=""><route_id>R5</route_id><route_long_name>Brescia-Cremona</route_long_name><route_text_color>FFFFFF</route_text_color><route_desc> </route_desc><route_type>2</route_type><agency_id>Trenord</agency_id><route_short_name>R5</route_short_name><route_url> </route_url><route_color>94C120</route_color></row><row id=""><route_id>R6</route_id><route_long_name>Cremona-Treviglio</route_long_name><route_text_color>FFFFFF</route_text_color><route_desc> </route_desc><route_type>2</route_type><agency_id>Trenord</agency_id><route_short_name>R6</route_short_name><route_url> </route_url><route_color>94C120</route_color></row><row id=""><route_id>R7</route_id><route_long_name>Lecco-Bergamo</route_long_name><route_text_color>FFFFFF</route_text_color><route_desc> </route_desc><route_type>2</route_type><agency_id>Trenord</agency_id><route_short_name>R7</route_short_name><route_url> </route_url><route_color>94C120</route_color></row><row id=""><route_id>R8</route_id><route_long_name>Brescia-Parma</route_long_name><route_text_color>FFFFFF</route_text_color><route_desc> </route_desc><route_type>2</route_type><agency_id>Trenord</agency_id><route_short_name>R8</route_short_name><route_url> </route_url><route_color>94C120</route_color></row><row id=""><route_id>R9</route_id><route_long_name>Bornato-Rovato-Iseo</route_long_name><route_text_color>FFFFFF</route_text_color><route_desc> </route_desc><route_type>2</route_type><agency_id>Trenord</agency_id><route_short_name>R9</route_short_name><route_url> </route_url><route_color>94C120</route_color></row><row id=""><route_id>RE_1</route_id><route_long_name>Laveno-Varese-Saronno-Milano</route_long_name><route_text_color>FFFFFF</route_text_color><route_desc> </route_desc><route_type>2</route_type><agency_id>Trenord</agency_id><route_short_name>RE_1</route_short_name><route_url> </route_url><route_color>E40314</route_color></row><row id=""><route_id>RE_10</route_id><route_long_name>Bellinzona-Chiasso-Como-Milano C.le</route_long_name><route_text_color>FFFFFF</route_text_color><route_desc> </route_desc><route_type>2</route_type><agency_id>Trenord</agency_id><route_short_name>RE_10</route_short_name><route_url> </route_url><route_color>E40314</route_color></row><row id=""><route_id>RE_11</route_id><route_long_name>Maova-Cremona-Codogno-Milano</route_long_name><route_text_color>FFFFFF</route_text_color><route_desc> </route_desc><route_type>2</route_type><agency_id>Trenord</agency_id><route_short_name>RE_11</route_short_name><route_url> </route_url><route_color>E40314</route_color></row><row id=""><route_id>RE_13</route_id><route_long_name>Alessandria-Pavia-Milano</route_long_name><route_text_color>FFFFFF</route_text_color><route_desc> </route_desc><route_type>2</route_type><agency_id>Trenord</agency_id><route_short_name>RE_13</route_short_name><route_url> </route_url><route_color>E40314</route_color></row><row id=""><route_id>RE_2</route_id><route_long_name>Bergamo-Milano (via Treviglio)</route_long_name><route_text_color>FFFFFF</route_text_color><route_desc> </route_desc><route_type>2</route_type><agency_id>Trenord</agency_id><route_short_name>RE_2</route_short_name><route_url> </route_url><route_color>E40314</route_color></row><row id=""><route_id>RE_3</route_id><route_long_name>Brescia-Iseo-Edolo</route_long_name><route_text_color>FFFFFF</route_text_color><route_desc> </route_desc><route_type>2</route_type><agency_id>Trenord</agency_id><route_short_name>RE_3</route_short_name><route_url> </route_url><route_color>E40314</route_color></row><row id=""><route_id>RE_4</route_id><route_long_name>Domodossola-Milano</route_long_name><route_text_color>FFFFFF</route_text_color><route_desc> </route_desc><route_type>2</route_type><agency_id>Trenord</agency_id><route_short_name>RE_4</route_short_name><route_url> </route_url><route_color>E40314</route_color></row><row id=""><route_id>RE_5</route_id><route_long_name>Varese-Gallarate-Milano</route_long_name><route_text_color>FFFFFF</route_text_color><route_desc> </route_desc><route_type>2</route_type><agency_id>Trenord</agency_id><route_short_name>RE_5</route_short_name><route_url> </route_url><route_color>E40314</route_color></row><row id=""><route_id>RE_6</route_id><route_long_name>Verona-Brescia-Milano</route_long_name><route_text_color>FFFFFF</route_text_color><route_desc> </route_desc><route_type>2</route_type><agency_id>Trenord</agency_id><route_short_name>RE_6</route_short_name><route_url> </route_url><route_color>E40314</route_color></row><row id=""><route_id>RE_7</route_id><route_long_name>Como-Saronno-Milano</route_long_name><route_text_color>FFFFFF</route_text_color><route_desc> </route_desc><route_type>2</route_type><agency_id>Trenord</agency_id><route_short_name>RE_7</route_short_name><route_url> </route_url><route_color>E40314</route_color></row><row id=""><route_id>RE_8</route_id><route_long_name>Tirano-Sondrio-Lecco-Milano C.le</route_long_name><route_text_color>FFFFFF</route_text_color><route_desc> </route_desc><route_type>2</route_type><agency_id>Trenord</agency_id><route_short_name>RE_8</route_short_name><route_url> </route_url><route_color>E40314</route_color></row><row id=""><route_id>S1</route_id><route_long_name>Saronno-Milano Passae-Lodi</route_long_name><route_text_color>FFFFFF</route_text_color><route_desc> </route_desc><route_type>2</route_type><agency_id>Trenord</agency_id><route_short_name>S1</route_short_name><route_url> </route_url><route_color>0058A2</route_color></row><row id=""><route_id>S10</route_id><route_long_name>Albate C.-Como-Mendrisio-Bellinzona</route_long_name><route_text_color>FFFFFF</route_text_color><route_desc> </route_desc><route_type>2</route_type><agency_id>Trenord</agency_id><route_short_name>S10</route_short_name><route_url> </route_url><route_color>0058A2</route_color></row><row id=""><route_id>S11</route_id><route_long_name>Chiasso-Seregno-Milano Porta Garibaldi-Rho</route_long_name><route_text_color>FFFFFF</route_text_color><route_desc> </route_desc><route_type>2</route_type><agency_id>Trenord</agency_id><route_short_name>S11</route_short_name><route_url> </route_url><route_color>0058A2</route_color></row><row id=""><route_id>S12</route_id><route_long_name>Milano Bovisa-Milano Passae-Melegnano</route_long_name><route_text_color>FFFFFF</route_text_color><route_desc> </route_desc><route_type>2</route_type><agency_id>Trenord</agency_id><route_short_name>S12</route_short_name><route_url> </route_url><route_color>0058A2</route_color></row><row id=""><route_id>S13</route_id><route_long_name>Pavia-Milano Passae-Milano Bovisa</route_long_name><route_text_color>FFFFFF</route_text_color><route_desc> </route_desc><route_type>2</route_type><agency_id>Trenord</agency_id><route_short_name>S13</route_short_name><route_url> </route_url><route_color>0058A2</route_color></row><row id=""><route_id>S2</route_id><route_long_name>Mariano Comense-Milano Passae-Milano Rogoredo</route_long_name><route_text_color>FFFFFF</route_text_color><route_desc> </route_desc><route_type>2</route_type><agency_id>Trenord</agency_id><route_short_name>S2</route_short_name><route_url> </route_url><route_color>0058A2</route_color></row><row id=""><route_id>S3</route_id><route_long_name>Saronno-Milano Cadorna</route_long_name><route_text_color>FFFFFF</route_text_color><route_desc> </route_desc><route_type>2</route_type><agency_id>Trenord</agency_id><route_short_name>S3</route_short_name><route_url> </route_url><route_color>0058A2</route_color></row><row id=""><route_id>S4</route_id><route_long_name>Camnago Leate-Milano Cadorna</route_long_name><route_text_color>FFFFFF</route_text_color><route_desc> </route_desc><route_type>2</route_type><agency_id>Trenord</agency_id><route_short_name>S4</route_short_name><route_url> </route_url><route_color>0058A2</route_color></row><row id=""><route_id>S40</route_id><route_long_name>Albate C.-Como-Mendrisio-Varese-Malpensa</route_long_name><route_text_color>FFFFFF</route_text_color><route_desc> </route_desc><route_type>2</route_type><agency_id>Trenord</agency_id><route_short_name>S40</route_short_name><route_url> </route_url><route_color>0058A2</route_color></row><row id=""><route_id>S5</route_id><route_long_name>Varese-Milano Passae-Treviglio</route_long_name><route_text_color>FFFFFF</route_text_color><route_desc> </route_desc><route_type>2</route_type><agency_id>Trenord</agency_id><route_short_name>S5</route_short_name><route_url> </route_url><route_color>0058A2</route_color></row><row id=""><route_id>S50</route_id><route_long_name>Varese-Mendrisio-Bellinzona</route_long_name><route_text_color>FFFFFF</route_text_color><route_desc> </route_desc><route_type>2</route_type><agency_id>Trenord</agency_id><route_short_name>S50</route_short_name><route_url> </route_url><route_color>0058A2</route_color></row><row id=""><route_id>S6</route_id><route_long_name>Novara-Milano Passae-Treviglio</route_long_name><route_text_color>FFFFFF</route_text_color><route_desc> </route_desc><route_type>2</route_type><agency_id>Trenord</agency_id><route_short_name>S6</route_short_name><route_url> </route_url><route_color>0058A2</route_color></row><row id=""><route_id>S7</route_id><route_long_name>Lecco-Molteno-Monza-Milano</route_long_name><route_text_color>FFFFFF</route_text_color><route_desc> </route_desc><route_type>2</route_type><agency_id>Trenord</agency_id><route_short_name>S7</route_short_name><route_url> </route_url><route_color>0058A2</route_color></row><row id=""><route_id>S8</route_id><route_long_name>Lecco-Carnate-Milano Porta Garibaldi</route_long_name><route_text_color>FFFFFF</route_text_color><route_desc> </route_desc><route_type>2</route_type><agency_id>Trenord</agency_id><route_short_name>S8</route_short_name><route_url> </route_url><route_color>0058A2</route_color></row><row id=""><route_id>S9</route_id><route_long_name>Saronno-Seregno-Milano S.Cristoforo-Albairate</route_long_name><route_text_color>FFFFFF</route_text_color><route_desc> </route_desc><route_type>2</route_type><agency_id>Trenord</agency_id><route_short_name>S9</route_short_name><route_url> </route_url><route_color>0058A2</route_color></row><row id=""><route_id>XP1</route_id><route_long_name>Malpensa-Milano Cadorna</route_long_name><route_text_color>FFFFFF</route_text_color><route_desc> </route_desc><route_type>2</route_type><agency_id>Trenord</agency_id><route_short_name>XP1</route_short_name><route_url> </route_url><route_color>9B194E</route_color></row><row id=""><route_id>XP2</route_id><route_long_name>Malpensa-Milano Cerale</route_long_name><route_text_color>FFFFFF</route_text_color><route_desc> </route_desc><route_type>2</route_type><agency_id>Trenord</agency_id><route_short_name>XP2</route_short_name><route_url> </route_url><route_color>9B194E</route_color></row></table>